"parent_fam_id","child_fam_id","distance"
"2333","2333","0"
"2054","188","4"
"2054","919","4"
"848","1385","4"
"2054","225","4"
"2054","241","4"
"2054","912","4"
"2054","167","4"
"2054","208","4"
"177","866","4"
"1518","1255","4"
"177","1199","4"
"2054","206","4"
"1076","902","4"
"2054","155","4"
"2054","157","4"
"2054","207","4"
"2054","914","4"
"177","1203","4"
"2054","1091","4"
"177","1511","4"
"2054","147","4"
"2054","204","4"
"2054","154","4"
"2054","259","4"
"1076","899","4"
"177","1201","4"
"2054","1093","4"
"177","1512","4"
"2054","164","4"
"2054","202","4"
"2054","223","4"
"2054","245","4"
"2054","160","4"
"1076","895","4"
"2054","915","4"
"2054","187","4"
"2054","1094","4"
"177","1202","4"
"2054","211","4"
"2054","916","4"
"2054","918","4"
"2054","159","4"
"2054","227","4"
"2054","149","4"
"2054","169","4"
"2054","917","4"
"2054","1090","4"
"475","1383","5"
"475","1384","5"
"475","1385","5"
"3","3","0"
"4","4","0"
"6","6","0"
"8","8","0"
"10","10","0"
"12","12","0"
"14","14","0"
"16","16","0"
"18","18","0"
"19","19","0"
"20","20","0"
"21","21","0"
"24","24","0"
"3651","3651","0"
"27","27","0"
"28","28","0"
"39","39","0"
"40","40","0"
"41","41","0"
"42","42","0"
"46","46","0"
"47","47","0"
"50","50","0"
"53","53","0"
"56","56","0"
"58","58","0"
"59","59","0"
"60","60","0"
"61","61","0"
"63","63","0"
"64","64","0"
"65","65","0"
"66","66","0"
"71","71","0"
"73","73","0"
"74","74","0"
"75","75","0"
"76","76","0"
"81","81","0"
"82","82","0"
"83","83","0"
"84","84","0"
"85","85","0"
"86","86","0"
"87","87","0"
"88","88","0"
"89","89","0"
"90","90","0"
"91","91","0"
"94","94","0"
"96","96","0"
"100","100","0"
"102","102","0"
"104","104","0"
"105","105","0"
"106","106","0"
"130","130","0"
"131","131","0"
"132","132","0"
"135","135","0"
"136","136","0"
"137","137","0"
"139","139","0"
"140","140","0"
"141","141","0"
"147","147","0"
"149","149","0"
"150","150","0"
"151","151","0"
"152","152","0"
"153","153","0"
"154","154","0"
"155","155","0"
"156","156","0"
"157","157","0"
"158","158","0"
"159","159","0"
"160","160","0"
"161","161","0"
"162","162","0"
"163","163","0"
"164","164","0"
"165","165","0"
"166","166","0"
"167","167","0"
"168","168","0"
"169","169","0"
"170","170","0"
"171","171","0"
"172","172","0"
"173","173","0"
"175","175","0"
"176","176","0"
"177","177","0"
"178","178","0"
"179","179","0"
"180","180","0"
"181","181","0"
"182","182","0"
"183","183","0"
"184","184","0"
"185","185","0"
"186","186","0"
"187","187","0"
"188","188","0"
"189","189","0"
"196","196","0"
"198","198","0"
"199","199","0"
"200","200","0"
"201","201","0"
"202","202","0"
"203","203","0"
"204","204","0"
"205","205","0"
"206","206","0"
"207","207","0"
"208","208","0"
"209","209","0"
"210","210","0"
"211","211","0"
"212","212","0"
"213","213","0"
"214","214","0"
"215","215","0"
"216","216","0"
"217","217","0"
"218","218","0"
"219","219","0"
"220","220","0"
"221","221","0"
"222","222","0"
"223","223","0"
"224","224","0"
"225","225","0"
"226","226","0"
"227","227","0"
"228","228","0"
"235","235","0"
"236","236","0"
"239","239","0"
"240","240","0"
"241","241","0"
"242","242","0"
"243","243","0"
"244","244","0"
"245","245","0"
"247","247","0"
"249","249","0"
"250","250","0"
"253","253","0"
"254","254","0"
"255","255","0"
"257","257","0"
"258","258","0"
"259","259","0"
"262","262","0"
"263","263","0"
"264","264","0"
"265","265","0"
"266","266","0"
"269","269","0"
"270","270","0"
"274","274","0"
"275","275","0"
"276","276","0"
"277","277","0"
"278","278","0"
"279","279","0"
"280","280","0"
"281","281","0"
"282","282","0"
"283","283","0"
"284","284","0"
"285","285","0"
"286","286","0"
"287","287","0"
"288","288","0"
"289","289","0"
"290","290","0"
"291","291","0"
"292","292","0"
"293","293","0"
"294","294","0"
"297","297","0"
"301","301","0"
"302","302","0"
"304","304","0"
"305","305","0"
"306","306","0"
"307","307","0"
"309","309","0"
"310","310","0"
"314","314","0"
"320","320","0"
"321","321","0"
"343","343","0"
"345","345","0"
"346","346","0"
"348","348","0"
"349","349","0"
"350","350","0"
"351","351","0"
"352","352","0"
"353","353","0"
"354","354","0"
"356","356","0"
"357","357","0"
"358","358","0"
"360","360","0"
"361","361","0"
"362","362","0"
"363","363","0"
"364","364","0"
"365","365","0"
"366","366","0"
"367","367","0"
"368","368","0"
"370","370","0"
"371","371","0"
"372","372","0"
"373","373","0"
"374","374","0"
"375","375","0"
"388","388","0"
"389","389","0"
"390","390","0"
"391","391","0"
"392","392","0"
"394","394","0"
"395","395","0"
"396","396","0"
"397","397","0"
"398","398","0"
"399","399","0"
"400","400","0"
"401","401","0"
"402","402","0"
"403","403","0"
"404","404","0"
"405","405","0"
"406","406","0"
"407","407","0"
"408","408","0"
"409","409","0"
"410","410","0"
"412","412","0"
"413","413","0"
"414","414","0"
"415","415","0"
"417","417","0"
"418","418","0"
"419","419","0"
"420","420","0"
"422","422","0"
"423","423","0"
"424","424","0"
"425","425","0"
"426","426","0"
"427","427","0"
"428","428","0"
"429","429","0"
"430","430","0"
"431","431","0"
"433","433","0"
"434","434","0"
"435","435","0"
"436","436","0"
"437","437","0"
"438","438","0"
"439","439","0"
"440","440","0"
"441","441","0"
"442","442","0"
"443","443","0"
"444","444","0"
"445","445","0"
"446","446","0"
"447","447","0"
"448","448","0"
"449","449","0"
"450","450","0"
"452","452","0"
"454","454","0"
"455","455","0"
"457","457","0"
"458","458","0"
"459","459","0"
"460","460","0"
"461","461","0"
"463","463","0"
"464","464","0"
"465","465","0"
"466","466","0"
"467","467","0"
"468","468","0"
"469","469","0"
"470","470","0"
"471","471","0"
"473","473","0"
"475","475","0"
"476","476","0"
"478","478","0"
"480","480","0"
"481","481","0"
"482","482","0"
"483","483","0"
"485","485","0"
"486","486","0"
"488","488","0"
"489","489","0"
"490","490","0"
"492","492","0"
"493","493","0"
"495","495","0"
"496","496","0"
"497","497","0"
"498","498","0"
"499","499","0"
"501","501","0"
"502","502","0"
"503","503","0"
"504","504","0"
"505","505","0"
"506","506","0"
"508","508","0"
"510","510","0"
"511","511","0"
"512","512","0"
"516","516","0"
"517","517","0"
"518","518","0"
"519","519","0"
"521","521","0"
"522","522","0"
"523","523","0"
"524","524","0"
"525","525","0"
"526","526","0"
"527","527","0"
"528","528","0"
"529","529","0"
"530","530","0"
"532","532","0"
"533","533","0"
"534","534","0"
"535","535","0"
"536","536","0"
"537","537","0"
"538","538","0"
"539","539","0"
"540","540","0"
"543","543","0"
"544","544","0"
"546","546","0"
"547","547","0"
"548","548","0"
"550","550","0"
"552","552","0"
"553","553","0"
"554","554","0"
"555","555","0"
"556","556","0"
"557","557","0"
"558","558","0"
"559","559","0"
"560","560","0"
"561","561","0"
"562","562","0"
"563","563","0"
"564","564","0"
"565","565","0"
"567","567","0"
"570","570","0"
"571","571","0"
"572","572","0"
"573","573","0"
"574","574","0"
"575","575","0"
"578","578","0"
"579","579","0"
"580","580","0"
"581","581","0"
"582","582","0"
"583","583","0"
"584","584","0"
"585","585","0"
"586","586","0"
"589","589","0"
"590","590","0"
"591","591","0"
"592","592","0"
"593","593","0"
"594","594","0"
"595","595","0"
"596","596","0"
"597","597","0"
"598","598","0"
"599","599","0"
"601","601","0"
"602","602","0"
"607","607","0"
"608","608","0"
"609","609","0"
"610","610","0"
"611","611","0"
"612","612","0"
"613","613","0"
"614","614","0"
"615","615","0"
"616","616","0"
"617","617","0"
"619","619","0"
"620","620","0"
"621","621","0"
"622","622","0"
"623","623","0"
"624","624","0"
"625","625","0"
"626","626","0"
"627","627","0"
"628","628","0"
"629","629","0"
"630","630","0"
"631","631","0"
"634","634","0"
"635","635","0"
"636","636","0"
"637","637","0"
"638","638","0"
"639","639","0"
"640","640","0"
"641","641","0"
"642","642","0"
"643","643","0"
"644","644","0"
"645","645","0"
"646","646","0"
"647","647","0"
"648","648","0"
"649","649","0"
"651","651","0"
"652","652","0"
"653","653","0"
"654","654","0"
"656","656","0"
"657","657","0"
"658","658","0"
"659","659","0"
"660","660","0"
"661","661","0"
"662","662","0"
"663","663","0"
"664","664","0"
"665","665","0"
"666","666","0"
"667","667","0"
"668","668","0"
"669","669","0"
"670","670","0"
"671","671","0"
"673","673","0"
"674","674","0"
"675","675","0"
"676","676","0"
"677","677","0"
"678","678","0"
"679","679","0"
"680","680","0"
"681","681","0"
"682","682","0"
"683","683","0"
"684","684","0"
"685","685","0"
"686","686","0"
"687","687","0"
"690","690","0"
"692","692","0"
"693","693","0"
"694","694","0"
"696","696","0"
"697","697","0"
"698","698","0"
"699","699","0"
"701","701","0"
"702","702","0"
"703","703","0"
"705","705","0"
"711","711","0"
"712","712","0"
"713","713","0"
"714","714","0"
"715","715","0"
"716","716","0"
"717","717","0"
"718","718","0"
"719","719","0"
"720","720","0"
"721","721","0"
"722","722","0"
"723","723","0"
"725","725","0"
"726","726","0"
"727","727","0"
"728","728","0"
"729","729","0"
"731","731","0"
"732","732","0"
"733","733","0"
"734","734","0"
"735","735","0"
"736","736","0"
"737","737","0"
"738","738","0"
"739","739","0"
"740","740","0"
"741","741","0"
"742","742","0"
"743","743","0"
"745","745","0"
"746","746","0"
"747","747","0"
"748","748","0"
"750","750","0"
"751","751","0"
"752","752","0"
"754","754","0"
"755","755","0"
"756","756","0"
"757","757","0"
"759","759","0"
"760","760","0"
"761","761","0"
"762","762","0"
"763","763","0"
"764","764","0"
"765","765","0"
"766","766","0"
"767","767","0"
"768","768","0"
"769","769","0"
"770","770","0"
"772","772","0"
"773","773","0"
"774","774","0"
"776","776","0"
"777","777","0"
"779","779","0"
"780","780","0"
"781","781","0"
"782","782","0"
"783","783","0"
"785","785","0"
"788","788","0"
"790","790","0"
"805","805","0"
"806","806","0"
"807","807","0"
"808","808","0"
"809","809","0"
"810","810","0"
"811","811","0"
"812","812","0"
"813","813","0"
"814","814","0"
"816","816","0"
"817","817","0"
"818","818","0"
"819","819","0"
"820","820","0"
"821","821","0"
"822","822","0"
"823","823","0"
"826","826","0"
"827","827","0"
"828","828","0"
"829","829","0"
"830","830","0"
"3652","3652","0"
"832","832","0"
"833","833","0"
"835","835","0"
"836","836","0"
"837","837","0"
"838","838","0"
"841","841","0"
"842","842","0"
"843","843","0"
"844","844","0"
"845","845","0"
"846","846","0"
"847","847","0"
"848","848","0"
"849","849","0"
"851","851","0"
"852","852","0"
"853","853","0"
"856","856","0"
"857","857","0"
"858","858","0"
"861","861","0"
"862","862","0"
"863","863","0"
"864","864","0"
"865","865","0"
"866","866","0"
"867","867","0"
"868","868","0"
"870","870","0"
"871","871","0"
"886","886","0"
"887","887","0"
"888","888","0"
"889","889","0"
"890","890","0"
"891","891","0"
"892","892","0"
"894","894","0"
"895","895","0"
"896","896","0"
"897","897","0"
"898","898","0"
"899","899","0"
"900","900","0"
"901","901","0"
"902","902","0"
"903","903","0"
"904","904","0"
"905","905","0"
"906","906","0"
"907","907","0"
"908","908","0"
"909","909","0"
"910","910","0"
"911","911","0"
"912","912","0"
"913","913","0"
"914","914","0"
"915","915","0"
"916","916","0"
"917","917","0"
"918","918","0"
"919","919","0"
"920","920","0"
"921","921","0"
"922","922","0"
"925","925","0"
"926","926","0"
"928","928","0"
"929","929","0"
"930","930","0"
"931","931","0"
"932","932","0"
"933","933","0"
"934","934","0"
"935","935","0"
"936","936","0"
"937","937","0"
"938","938","0"
"939","939","0"
"940","940","0"
"943","943","0"
"945","945","0"
"946","946","0"
"947","947","0"
"948","948","0"
"949","949","0"
"950","950","0"
"951","951","0"
"952","952","0"
"953","953","0"
"954","954","0"
"955","955","0"
"956","956","0"
"957","957","0"
"958","958","0"
"959","959","0"
"960","960","0"
"961","961","0"
"964","964","0"
"965","965","0"
"966","966","0"
"967","967","0"
"968","968","0"
"971","971","0"
"972","972","0"
"973","973","0"
"974","974","0"
"975","975","0"
"976","976","0"
"978","978","0"
"979","979","0"
"981","981","0"
"982","982","0"
"983","983","0"
"984","984","0"
"986","986","0"
"987","987","0"
"988","988","0"
"989","989","0"
"990","990","0"
"991","991","0"
"992","992","0"
"993","993","0"
"994","994","0"
"995","995","0"
"996","996","0"
"997","997","0"
"998","998","0"
"999","999","0"
"1000","1000","0"
"1001","1001","0"
"1002","1002","0"
"1003","1003","0"
"1004","1004","0"
"1005","1005","0"
"1006","1006","0"
"1007","1007","0"
"1008","1008","0"
"1009","1009","0"
"1010","1010","0"
"1011","1011","0"
"1012","1012","0"
"1013","1013","0"
"1014","1014","0"
"1015","1015","0"
"1016","1016","0"
"1017","1017","0"
"1019","1019","0"
"1021","1021","0"
"1022","1022","0"
"1023","1023","0"
"1024","1024","0"
"1025","1025","0"
"1026","1026","0"
"1027","1027","0"
"1028","1028","0"
"1029","1029","0"
"1031","1031","0"
"1032","1032","0"
"1034","1034","0"
"1035","1035","0"
"1036","1036","0"
"1038","1038","0"
"1039","1039","0"
"1040","1040","0"
"1041","1041","0"
"1042","1042","0"
"1043","1043","0"
"1044","1044","0"
"1045","1045","0"
"1046","1046","0"
"1048","1048","0"
"1049","1049","0"
"1050","1050","0"
"1051","1051","0"
"1052","1052","0"
"1053","1053","0"
"1054","1054","0"
"1055","1055","0"
"1056","1056","0"
"1057","1057","0"
"1058","1058","0"
"1059","1059","0"
"1060","1060","0"
"1061","1061","0"
"1062","1062","0"
"1063","1063","0"
"1064","1064","0"
"1065","1065","0"
"1066","1066","0"
"1067","1067","0"
"1070","1070","0"
"1071","1071","0"
"1072","1072","0"
"1073","1073","0"
"1074","1074","0"
"1075","1075","0"
"1076","1076","0"
"3652","3649","1"
"1078","1078","0"
"1079","1079","0"
"1082","1082","0"
"1083","1083","0"
"1084","1084","0"
"1085","1085","0"
"1086","1086","0"
"1087","1087","0"
"1089","1089","0"
"1090","1090","0"
"1091","1091","0"
"1092","1092","0"
"1093","1093","0"
"1094","1094","0"
"1095","1095","0"
"1096","1096","0"
"1097","1097","0"
"1098","1098","0"
"1099","1099","0"
"1100","1100","0"
"1101","1101","0"
"1102","1102","0"
"1103","1103","0"
"1104","1104","0"
"1105","1105","0"
"1106","1106","0"
"1107","1107","0"
"1108","1108","0"
"1109","1109","0"
"1110","1110","0"
"1111","1111","0"
"1112","1112","0"
"1113","1113","0"
"1114","1114","0"
"1115","1115","0"
"1116","1116","0"
"1117","1117","0"
"1118","1118","0"
"1119","1119","0"
"1120","1120","0"
"1121","1121","0"
"1122","1122","0"
"1124","1124","0"
"1125","1125","0"
"1126","1126","0"
"1127","1127","0"
"1130","1130","0"
"1131","1131","0"
"1132","1132","0"
"1133","1133","0"
"1134","1134","0"
"1135","1135","0"
"1136","1136","0"
"1138","1138","0"
"1139","1139","0"
"1140","1140","0"
"1141","1141","0"
"1142","1142","0"
"1143","1143","0"
"1144","1144","0"
"1145","1145","0"
"1146","1146","0"
"1147","1147","0"
"1149","1149","0"
"1150","1150","0"
"1151","1151","0"
"1153","1153","0"
"1156","1156","0"
"1157","1157","0"
"1158","1158","0"
"1159","1159","0"
"1160","1160","0"
"1161","1161","0"
"1162","1162","0"
"1163","1163","0"
"1164","1164","0"
"1165","1165","0"
"1166","1166","0"
"1169","1169","0"
"1171","1171","0"
"1172","1172","0"
"1173","1173","0"
"1174","1174","0"
"1175","1175","0"
"3652","1547","1"
"1179","1179","0"
"1180","1180","0"
"1181","1181","0"
"1182","1182","0"
"1183","1183","0"
"1184","1184","0"
"1185","1185","0"
"1186","1186","0"
"1187","1187","0"
"1188","1188","0"
"1189","1189","0"
"1190","1190","0"
"1191","1191","0"
"1192","1192","0"
"1193","1193","0"
"1194","1194","0"
"1195","1195","0"
"1196","1196","0"
"1197","1197","0"
"1198","1198","0"
"1199","1199","0"
"1200","1200","0"
"1201","1201","0"
"1202","1202","0"
"1203","1203","0"
"1204","1204","0"
"1205","1205","0"
"1208","1208","0"
"1209","1209","0"
"1210","1210","0"
"1211","1211","0"
"1212","1212","0"
"1213","1213","0"
"1215","1215","0"
"1216","1216","0"
"1217","1217","0"
"1218","1218","0"
"1219","1219","0"
"1220","1220","0"
"1221","1221","0"
"1223","1223","0"
"1224","1224","0"
"1225","1225","0"
"1226","1226","0"
"1227","1227","0"
"1229","1229","0"
"1230","1230","0"
"1231","1231","0"
"1232","1232","0"
"1233","1233","0"
"1234","1234","0"
"1235","1235","0"
"1236","1236","0"
"1238","1238","0"
"1239","1239","0"
"1240","1240","0"
"1241","1241","0"
"1243","1243","0"
"1244","1244","0"
"1246","1246","0"
"1247","1247","0"
"1248","1248","0"
"1249","1249","0"
"1250","1250","0"
"1252","1252","0"
"1254","1254","0"
"1255","1255","0"
"1256","1256","0"
"1257","1257","0"
"1258","1258","0"
"1259","1259","0"
"1260","1260","0"
"1261","1261","0"
"1263","1263","0"
"1264","1264","0"
"1265","1265","0"
"1266","1266","0"
"1267","1267","0"
"1268","1268","0"
"1269","1269","0"
"1275","1275","0"
"1276","1276","0"
"1277","1277","0"
"1278","1278","0"
"1279","1279","0"
"1280","1280","0"
"1281","1281","0"
"1282","1282","0"
"1283","1283","0"
"1285","1285","0"
"1287","1287","0"
"1288","1288","0"
"1289","1289","0"
"1290","1290","0"
"1291","1291","0"
"1292","1292","0"
"1293","1293","0"
"1294","1294","0"
"1295","1295","0"
"1296","1296","0"
"1298","1298","0"
"1299","1299","0"
"1300","1300","0"
"1301","1301","0"
"1302","1302","0"
"1303","1303","0"
"1305","1305","0"
"1306","1306","0"
"1309","1309","0"
"1311","1311","0"
"1312","1312","0"
"1313","1313","0"
"1314","1314","0"
"1315","1315","0"
"1316","1316","0"
"1317","1317","0"
"1318","1318","0"
"1320","1320","0"
"1321","1321","0"
"1322","1322","0"
"1324","1324","0"
"1325","1325","0"
"1326","1326","0"
"1328","1328","0"
"1329","1329","0"
"1330","1330","0"
"1331","1331","0"
"1332","1332","0"
"1333","1333","0"
"1334","1334","0"
"1335","1335","0"
"1336","1336","0"
"1337","1337","0"
"1338","1338","0"
"1339","1339","0"
"1340","1340","0"
"1341","1341","0"
"1342","1342","0"
"1343","1343","0"
"1344","1344","0"
"1345","1345","0"
"1346","1346","0"
"1347","1347","0"
"1348","1348","0"
"1350","1350","0"
"1352","1352","0"
"1353","1353","0"
"1354","1354","0"
"1355","1355","0"
"1356","1356","0"
"1358","1358","0"
"1359","1359","0"
"1360","1360","0"
"1361","1361","0"
"1363","1363","0"
"1366","1366","0"
"1368","1368","0"
"1369","1369","0"
"1371","1371","0"
"1372","1372","0"
"1373","1373","0"
"1374","1374","0"
"1375","1375","0"
"1376","1376","0"
"1377","1377","0"
"1378","1378","0"
"1379","1379","0"
"1380","1380","0"
"1381","1381","0"
"1382","1382","0"
"1383","1383","0"
"1384","1384","0"
"1385","1385","0"
"1387","1387","0"
"1388","1388","0"
"1390","1390","0"
"1391","1391","0"
"1392","1392","0"
"1393","1393","0"
"1394","1394","0"
"1395","1395","0"
"1396","1396","0"
"1398","1398","0"
"1399","1399","0"
"3652","3647","1"
"1401","1401","0"
"1402","1402","0"
"1403","1403","0"
"1404","1404","0"
"1405","1405","0"
"1406","1406","0"
"1407","1407","0"
"1408","1408","0"
"1409","1409","0"
"1410","1410","0"
"1411","1411","0"
"1412","1412","0"
"1413","1413","0"
"1414","1414","0"
"1415","1415","0"
"1416","1416","0"
"1418","1418","0"
"1419","1419","0"
"1420","1420","0"
"3652","2022","1"
"1423","1423","0"
"1424","1424","0"
"1425","1425","0"
"1426","1426","0"
"1427","1427","0"
"1428","1428","0"
"1429","1429","0"
"1430","1430","0"
"1431","1431","0"
"1432","1432","0"
"1436","1436","0"
"1437","1437","0"
"1438","1438","0"
"1439","1439","0"
"1440","1440","0"
"1442","1442","0"
"1443","1443","0"
"1444","1444","0"
"1445","1445","0"
"1446","1446","0"
"1448","1448","0"
"1449","1449","0"
"1450","1450","0"
"1451","1451","0"
"1452","1452","0"
"1453","1453","0"
"1454","1454","0"
"1455","1455","0"
"1457","1457","0"
"1458","1458","0"
"1459","1459","0"
"1460","1460","0"
"1461","1461","0"
"1463","1463","0"
"1464","1464","0"
"1466","1466","0"
"1468","1468","0"
"1469","1469","0"
"1470","1470","0"
"1471","1471","0"
"1473","1473","0"
"1474","1474","0"
"1475","1475","0"
"1476","1476","0"
"1477","1477","0"
"1478","1478","0"
"1481","1481","0"
"1482","1482","0"
"1483","1483","0"
"1484","1484","0"
"1485","1485","0"
"1486","1486","0"
"1487","1487","0"
"1489","1489","0"
"1490","1490","0"
"1491","1491","0"
"1492","1492","0"
"1493","1493","0"
"1494","1494","0"
"1495","1495","0"
"1496","1496","0"
"1497","1497","0"
"1498","1498","0"
"1499","1499","0"
"1500","1500","0"
"1501","1501","0"
"1502","1502","0"
"1503","1503","0"
"1504","1504","0"
"1505","1505","0"
"1506","1506","0"
"1507","1507","0"
"1508","1508","0"
"1510","1510","0"
"1511","1511","0"
"1512","1512","0"
"1514","1514","0"
"1515","1515","0"
"1516","1516","0"
"1517","1517","0"
"1518","1518","0"
"1520","1520","0"
"1521","1521","0"
"1522","1522","0"
"1528","1528","0"
"1529","1529","0"
"1530","1530","0"
"1531","1531","0"
"1532","1532","0"
"1534","1534","0"
"1535","1535","0"
"1536","1536","0"
"1537","1537","0"
"1538","1538","0"
"1539","1539","0"
"1540","1540","0"
"1541","1541","0"
"1542","1542","0"
"1543","1543","0"
"1544","1544","0"
"1545","1545","0"
"1546","1546","0"
"1547","1547","0"
"1549","1549","0"
"1552","1552","0"
"1555","1555","0"
"1556","1556","0"
"1557","1557","0"
"1558","1558","0"
"1559","1559","0"
"1561","1561","0"
"1562","1562","0"
"1564","1564","0"
"1568","1568","0"
"1569","1569","0"
"1573","1573","0"
"1574","1574","0"
"1575","1575","0"
"1576","1576","0"
"1579","1579","0"
"1582","1582","0"
"1583","1583","0"
"1584","1584","0"
"1585","1585","0"
"1586","1586","0"
"1587","1587","0"
"1588","1588","0"
"1596","1596","0"
"1598","1598","0"
"1600","1600","0"
"1601","1601","0"
"1602","1602","0"
"1603","1603","0"
"1604","1604","0"
"1605","1605","0"
"1606","1606","0"
"1607","1607","0"
"1608","1608","0"
"1609","1609","0"
"1610","1610","0"
"1613","1613","0"
"1614","1614","0"
"1615","1615","0"
"1616","1616","0"
"1619","1619","0"
"1620","1620","0"
"1622","1622","0"
"1623","1623","0"
"1624","1624","0"
"3653","3653","0"
"1626","1626","0"
"1627","1627","0"
"1629","1629","0"
"3670","3670","0"
"1631","1631","0"
"1632","1632","0"
"1633","1633","0"
"1634","1634","0"
"1636","1636","0"
"1637","1637","0"
"1638","1638","0"
"1639","1639","0"
"1641","1641","0"
"1642","1642","0"
"1643","1643","0"
"1644","1644","0"
"1645","1645","0"
"1646","1646","0"
"1647","1647","0"
"1648","1648","0"
"1649","1649","0"
"1650","1650","0"
"1651","1651","0"
"1652","1652","0"
"1653","1653","0"
"1654","1654","0"
"1655","1655","0"
"1656","1656","0"
"1657","1657","0"
"1658","1658","0"
"1659","1659","0"
"1660","1660","0"
"1661","1661","0"
"1662","1662","0"
"1663","1663","0"
"1665","1665","0"
"1666","1666","0"
"1667","1667","0"
"1668","1668","0"
"1669","1669","0"
"1670","1670","0"
"1671","1671","0"
"1672","1672","0"
"1673","1673","0"
"1674","1674","0"
"1675","1675","0"
"1676","1676","0"
"1677","1677","0"
"1679","1679","0"
"1680","1680","0"
"1681","1681","0"
"1682","1682","0"
"1683","1683","0"
"1684","1684","0"
"1685","1685","0"
"1687","1687","0"
"1688","1688","0"
"1689","1689","0"
"1690","1690","0"
"1691","1691","0"
"1692","1692","0"
"1693","1693","0"
"1695","1695","0"
"1696","1696","0"
"1697","1697","0"
"1698","1698","0"
"1699","1699","0"
"1700","1700","0"
"1701","1701","0"
"1702","1702","0"
"1703","1703","0"
"1704","1704","0"
"1705","1705","0"
"1706","1706","0"
"1708","1708","0"
"1709","1709","0"
"1710","1710","0"
"1711","1711","0"
"1712","1712","0"
"1713","1713","0"
"1714","1714","0"
"1716","1716","0"
"1717","1717","0"
"1718","1718","0"
"1719","1719","0"
"1720","1720","0"
"1721","1721","0"
"1722","1722","0"
"1723","1723","0"
"1724","1724","0"
"1725","1725","0"
"1726","1726","0"
"1727","1727","0"
"1729","1729","0"
"1732","1732","0"
"1733","1733","0"
"1734","1734","0"
"1736","1736","0"
"1737","1737","0"
"1738","1738","0"
"1739","1739","0"
"1740","1740","0"
"1741","1741","0"
"1742","1742","0"
"1743","1743","0"
"1744","1744","0"
"1745","1745","0"
"1746","1746","0"
"1747","1747","0"
"1748","1748","0"
"1749","1749","0"
"1750","1750","0"
"1751","1751","0"
"1752","1752","0"
"1753","1753","0"
"1754","1754","0"
"1756","1756","0"
"1757","1757","0"
"1758","1758","0"
"1759","1759","0"
"1760","1760","0"
"1761","1761","0"
"1762","1762","0"
"1763","1763","0"
"1764","1764","0"
"1765","1765","0"
"1766","1766","0"
"1767","1767","0"
"1768","1768","0"
"1769","1769","0"
"1770","1770","0"
"1771","1771","0"
"1773","1773","0"
"1775","1775","0"
"1776","1776","0"
"1777","1777","0"
"1778","1778","0"
"1779","1779","0"
"1780","1780","0"
"1787","1787","0"
"1788","1788","0"
"1789","1789","0"
"1790","1790","0"
"1791","1791","0"
"1792","1792","0"
"1793","1793","0"
"1796","1796","0"
"1798","1798","0"
"1799","1799","0"
"1800","1800","0"
"1801","1801","0"
"1803","1803","0"
"1804","1804","0"
"1805","1805","0"
"1806","1806","0"
"1807","1807","0"
"1808","1808","0"
"1809","1809","0"
"1810","1810","0"
"1811","1811","0"
"1812","1812","0"
"1813","1813","0"
"1814","1814","0"
"1815","1815","0"
"1816","1816","0"
"1817","1817","0"
"1819","1819","0"
"1820","1820","0"
"1821","1821","0"
"1822","1822","0"
"1823","1823","0"
"1824","1824","0"
"1825","1825","0"
"1826","1826","0"
"1827","1827","0"
"1828","1828","0"
"1829","1829","0"
"1830","1830","0"
"1831","1831","0"
"1832","1832","0"
"1833","1833","0"
"1834","1834","0"
"1835","1835","0"
"1836","1836","0"
"1837","1837","0"
"1838","1838","0"
"1839","1839","0"
"1840","1840","0"
"1841","1841","0"
"1842","1842","0"
"1844","1844","0"
"1845","1845","0"
"1846","1846","0"
"1847","1847","0"
"1848","1848","0"
"1849","1849","0"
"1850","1850","0"
"1851","1851","0"
"1853","1853","0"
"1854","1854","0"
"1855","1855","0"
"1856","1856","0"
"1857","1857","0"
"1858","1858","0"
"1859","1859","0"
"1860","1860","0"
"1861","1861","0"
"1863","1863","0"
"1864","1864","0"
"1865","1865","0"
"1866","1866","0"
"1867","1867","0"
"1868","1868","0"
"1869","1869","0"
"1870","1870","0"
"1871","1871","0"
"1872","1872","0"
"1874","1874","0"
"1875","1875","0"
"1876","1876","0"
"1877","1877","0"
"1878","1878","0"
"1879","1879","0"
"1880","1880","0"
"1881","1881","0"
"1882","1882","0"
"1883","1883","0"
"1885","1885","0"
"3654","3654","0"
"1888","1888","0"
"1889","1889","0"
"1891","1891","0"
"1893","1893","0"
"1894","1894","0"
"1895","1895","0"
"1896","1896","0"
"3671","3671","0"
"1898","1898","0"
"1900","1900","0"
"1901","1901","0"
"1902","1902","0"
"1903","1903","0"
"1908","1908","0"
"1909","1909","0"
"1910","1910","0"
"1911","1911","0"
"1912","1912","0"
"1914","1914","0"
"1915","1915","0"
"1916","1916","0"
"1917","1917","0"
"1918","1918","0"
"1921","1921","0"
"1923","1923","0"
"1924","1924","0"
"1925","1925","0"
"1926","1926","0"
"1927","1927","0"
"1928","1928","0"
"1929","1929","0"
"1931","1931","0"
"1932","1932","0"
"1933","1933","0"
"1935","1935","0"
"1936","1936","0"
"1937","1937","0"
"1938","1938","0"
"1939","1939","0"
"1940","1940","0"
"1941","1941","0"
"1942","1942","0"
"1943","1943","0"
"1944","1944","0"
"1945","1945","0"
"1946","1946","0"
"1947","1947","0"
"1948","1948","0"
"1950","1950","0"
"1951","1951","0"
"1956","1956","0"
"1957","1957","0"
"1958","1958","0"
"1959","1959","0"
"1960","1960","0"
"1961","1961","0"
"1962","1962","0"
"1963","1963","0"
"1964","1964","0"
"1967","1967","0"
"1968","1968","0"
"1969","1969","0"
"1970","1970","0"
"1971","1971","0"
"1972","1972","0"
"1973","1973","0"
"1974","1974","0"
"1975","1975","0"
"1976","1976","0"
"1978","1978","0"
"1979","1979","0"
"1980","1980","0"
"1981","1981","0"
"1983","1983","0"
"1984","1984","0"
"1985","1985","0"
"1986","1986","0"
"1987","1987","0"
"1988","1988","0"
"1989","1989","0"
"1990","1990","0"
"1992","1992","0"
"1993","1993","0"
"1994","1994","0"
"1996","1996","0"
"1997","1997","0"
"1998","1998","0"
"1999","1999","0"
"2002","2002","0"
"2003","2003","0"
"2005","2005","0"
"2006","2006","0"
"2007","2007","0"
"2010","2010","0"
"2012","2012","0"
"2019","2019","0"
"2020","2020","0"
"2021","2021","0"
"2022","2022","0"
"2023","2023","0"
"2025","2025","0"
"2028","2028","0"
"2029","2029","0"
"2030","2030","0"
"2031","2031","0"
"2032","2032","0"
"2033","2033","0"
"2035","2035","0"
"2036","2036","0"
"2037","2037","0"
"2038","2038","0"
"2039","2039","0"
"2040","2040","0"
"2042","2042","0"
"2044","2044","0"
"2045","2045","0"
"2046","2046","0"
"2047","2047","0"
"2048","2048","0"
"2049","2049","0"
"2050","2050","0"
"2051","2051","0"
"2052","2052","0"
"2053","2053","0"
"2054","2054","0"
"2055","2055","0"
"2056","2056","0"
"2057","2057","0"
"2058","2058","0"
"2059","2059","0"
"2060","2060","0"
"2061","2061","0"
"2062","2062","0"
"2063","2063","0"
"2066","2066","0"
"2067","2067","0"
"2068","2068","0"
"2069","2069","0"
"2070","2070","0"
"2071","2071","0"
"2072","2072","0"
"2073","2073","0"
"2074","2074","0"
"2075","2075","0"
"2076","2076","0"
"2077","2077","0"
"2078","2078","0"
"2079","2079","0"
"2080","2080","0"
"2081","2081","0"
"2082","2082","0"
"2083","2083","0"
"2084","2084","0"
"2085","2085","0"
"2086","2086","0"
"2091","2091","0"
"2092","2092","0"
"2093","2093","0"
"2098","2098","0"
"2099","2099","0"
"2101","2101","0"
"2102","2102","0"
"2103","2103","0"
"2104","2104","0"
"2105","2105","0"
"2106","2106","0"
"2107","2107","0"
"2108","2108","0"
"2109","2109","0"
"2111","2111","0"
"2115","2115","0"
"2116","2116","0"
"2117","2117","0"
"2118","2118","0"
"2119","2119","0"
"2120","2120","0"
"2125","2125","0"
"2126","2126","0"
"2127","2127","0"
"2128","2128","0"
"2130","2130","0"
"2131","2131","0"
"2132","2132","0"
"3655","3655","0"
"2134","2134","0"
"2135","2135","0"
"2136","2136","0"
"2137","2137","0"
"2139","2139","0"
"2140","2140","0"
"2141","2141","0"
"2142","2142","0"
"2144","2144","0"
"2147","2147","0"
"2148","2148","0"
"2150","2150","0"
"2151","2151","0"
"2152","2152","0"
"2153","2153","0"
"2154","2154","0"
"2155","2155","0"
"2156","2156","0"
"2157","2157","0"
"2158","2158","0"
"2159","2159","0"
"2160","2160","0"
"2161","2161","0"
"2162","2162","0"
"2163","2163","0"
"2164","2164","0"
"2165","2165","0"
"2166","2166","0"
"2167","2167","0"
"2168","2168","0"
"2169","2169","0"
"2170","2170","0"
"2171","2171","0"
"2172","2172","0"
"2173","2173","0"
"2174","2174","0"
"2175","2175","0"
"2176","2176","0"
"2177","2177","0"
"2178","2178","0"
"2179","2179","0"
"2180","2180","0"
"2181","2181","0"
"2182","2182","0"
"2183","2183","0"
"2184","2184","0"
"2185","2185","0"
"2186","2186","0"
"2187","2187","0"
"2188","2188","0"
"2189","2189","0"
"2190","2190","0"
"2191","2191","0"
"2192","2192","0"
"2193","2193","0"
"2194","2194","0"
"2195","2195","0"
"2196","2196","0"
"2197","2197","0"
"2198","2198","0"
"2199","2199","0"
"2200","2200","0"
"2202","2202","0"
"2203","2203","0"
"2204","2204","0"
"2205","2205","0"
"2206","2206","0"
"2207","2207","0"
"2208","2208","0"
"2209","2209","0"
"2210","2210","0"
"2211","2211","0"
"2212","2212","0"
"2213","2213","0"
"2214","2214","0"
"2215","2215","0"
"2216","2216","0"
"2217","2217","0"
"2219","2219","0"
"2223","2223","0"
"2224","2224","0"
"2226","2226","0"
"2229","2229","0"
"2230","2230","0"
"2231","2231","0"
"2232","2232","0"
"2234","2234","0"
"2238","2238","0"
"2239","2239","0"
"2240","2240","0"
"2241","2241","0"
"2242","2242","0"
"2243","2243","0"
"2244","2244","0"
"2245","2245","0"
"2246","2246","0"
"2247","2247","0"
"2248","2248","0"
"2249","2249","0"
"2250","2250","0"
"2251","2251","0"
"2252","2252","0"
"2253","2253","0"
"2258","2258","0"
"2259","2259","0"
"2261","2261","0"
"2262","2262","0"
"2263","2263","0"
"2264","2264","0"
"3656","3656","0"
"2269","2269","0"
"2274","2274","0"
"2275","2275","0"
"2276","2276","0"
"2277","2277","0"
"2278","2278","0"
"2279","2279","0"
"2280","2280","0"
"2281","2281","0"
"2282","2282","0"
"2283","2283","0"
"2285","2285","0"
"2286","2286","0"
"2288","2288","0"
"2289","2289","0"
"2290","2290","0"
"2291","2291","0"
"2293","2293","0"
"2295","2295","0"
"2296","2296","0"
"2297","2297","0"
"2300","2300","0"
"2302","2302","0"
"2303","2303","0"
"2304","2304","0"
"2305","2305","0"
"2307","2307","0"
"2308","2308","0"
"2309","2309","0"
"2310","2310","0"
"2312","2312","0"
"2313","2313","0"
"2314","2314","0"
"2315","2315","0"
"2316","2316","0"
"2317","2317","0"
"2318","2318","0"
"2319","2319","0"
"2320","2320","0"
"2321","2321","0"
"2322","2322","0"
"2323","2323","0"
"2324","2324","0"
"2326","2326","0"
"2327","2327","0"
"2328","2328","0"
"2329","2329","0"
"2331","2331","0"
"639","640","1"
"639","642","1"
"16","18","1"
"16","19","1"
"19","20","1"
"19","21","1"
"16","24","1"
"1348","770","1"
"1073","1082","1"
"2305","2304","1"
"1359","1360","1"
"1368","485","1"
"189","1092","1"
"189","1094","1"
"996","1376","1"
"848","1379","1"
"1379","1381","1"
"1382","1383","1"
"1382","1385","1"
"2045","1255","1"
"656","1098","1"
"656","1097","1"
"1399","1197","1"
"656","1101","1"
"656","1103","1"
"656","1105","1"
"130","131","1"
"130","132","1"
"1218","1403","1"
"139","140","1"
"656","1107","1"
"607","1109","1"
"1109","608","1"
"140","141","1"
"141","147","1"
"141","149","1"
"141","150","1"
"141","151","1"
"141","152","1"
"141","153","1"
"141","154","1"
"141","155","1"
"141","156","1"
"141","157","1"
"141","159","1"
"141","160","1"
"141","162","1"
"141","163","1"
"141","164","1"
"141","165","1"
"141","166","1"
"141","167","1"
"140","168","1"
"168","169","1"
"168","170","1"
"652","653","1"
"171","170","1"
"1111","1117","1"
"171","172","1"
"1118","1119","1"
"703","702","1"
"703","705","1"
"703","712","1"
"175","173","1"
"714","715","1"
"175","180","1"
"168","180","1"
"179","184","1"
"178","184","1"
"179","185","1"
"1126","1127","1"
"168","181","1"
"168","187","1"
"168","188","1"
"178","186","1"
"417","805","1"
"417","807","1"
"417","809","1"
"417","811","1"
"705","813","1"
"703","814","1"
"814","701","1"
"819","820","1"
"821","763","1"
"821","762","1"
"140","201","1"
"201","202","1"
"201","204","1"
"201","205","1"
"201","206","1"
"201","207","1"
"201","208","1"
"1411","42","1"
"140","210","1"
"212","213","1"
"1141","1143","1"
"212","214","1"
"1146","903","1"
"823","829","1"
"823","822","1"
"823","828","1"
"3657","3657","0"
"823","833","1"
"140","220","1"
"640","1149","1"
"640","1150","1"
"2305","2303","1"
"289","1162","1"
"1172","1173","1"
"630","1181","1"
"18","1185","1"
"18","1187","1"
"823","837","1"
"18","1189","1"
"1192","1194","1"
"1192","1195","1"
"1147","1418","1"
"284","1201","1"
"184","1204","1"
"414","1209","1"
"414","1211","1"
"178","247","1"
"178","249","1"
"178","250","1"
"178","253","1"
"414","1213","1"
"178","254","1"
"1425","1427","1"
"389","1260","1"
"1425","1429","1"
"1431","1432","1"
"140","262","1"
"139","263","1"
"178","255","1"
"183","255","1"
"263","264","1"
"263","265","1"
"263","266","1"
"263","270","1"
"178","274","1"
"183","274","1"
"178","277","1"
"183","277","1"
"139","275","1"
"275","279","1"
"275","280","1"
"275","281","1"
"282","281","1"
"282","284","1"
"1241","1312","1"
"275","285","1"
"594","620","1"
"594","630","1"
"594","745","1"
"139","286","1"
"139","289","1"
"1317","906","1"
"1317","1315","1"
"139","291","1"
"292","182","1"
"292","183","1"
"292","179","1"
"292","278","1"
"294","161","1"
"294","178","1"
"177","292","1"
"177","294","1"
"1454","1452","1"
"182","297","1"
"182","253","1"
"182","186","1"
"182","247","1"
"161","176","1"
"161","214","1"
"161","172","1"
"161","173","1"
"161","284","1"
"161","297","1"
"1454","1453","1"
"1458","1388","1"
"1458","1457","1"
"1458","1460","1"
"278","301","1"
"278","302","1"
"1458","1463","1"
"292","304","1"
"304","305","1"
"304","306","1"
"278","307","1"
"278","309","1"
"161","309","1"
"292","314","1"
"179","283","1"
"179","290","1"
"294","290","1"
"140","189","1"
"140","196","1"
"140","198","1"
"140","199","1"
"140","200","1"
"140","209","1"
"210","211","1"
"210","213","1"
"140","215","1"
"140","216","1"
"140","219","1"
"140","217","1"
"140","218","1"
"639","641","1"
"320","321","1"
"1076","1042","1"
"189","1090","1"
"1353","627","1"
"1356","1355","1"
"1374","530","1"
"844","847","1"
"752","746","1"
"358","357","1"
"358","388","1"
"358","389","1"
"358","390","1"
"358","391","1"
"358","392","1"
"358","394","1"
"412","413","1"
"412","414","1"
"412","415","1"
"424","423","1"
"424","425","1"
"424","426","1"
"424","427","1"
"424","428","1"
"424","429","1"
"424","430","1"
"424","431","1"
"424","433","1"
"424","434","1"
"424","435","1"
"424","436","1"
"424","437","1"
"424","438","1"
"424","439","1"
"424","440","1"
"424","441","1"
"424","363","1"
"424","442","1"
"424","443","1"
"424","444","1"
"424","446","1"
"424","447","1"
"424","448","1"
"424","449","1"
"424","450","1"
"639","643","1"
"475","476","1"
"475","478","1"
"3658","3658","0"
"587","587","0"
"501","502","1"
"501","503","1"
"510","511","1"
"510","512","1"
"516","517","1"
"517","518","1"
"517","519","1"
"652","651","1"
"516","521","1"
"516","522","1"
"516","523","1"
"516","524","1"
"516","525","1"
"516","526","1"
"516","527","1"
"516","528","1"
"516","530","1"
"537","536","1"
"537","538","1"
"557","558","1"
"557","559","1"
"557","560","1"
"562","280","1"
"652","654","1"
"161","563","1"
"562","563","1"
"570","571","1"
"570","572","1"
"570","573","1"
"570","574","1"
"570","575","1"
"582","583","1"
"582","584","1"
"582","585","1"
"582","586","1"
"589","590","1"
"589","591","1"
"589","592","1"
"589","593","1"
"589","594","1"
"263","269","1"
"607","610","1"
"607","611","1"
"607","612","1"
"607","613","1"
"607","614","1"
"703","713","1"
"714","716","1"
"417","806","1"
"417","808","1"
"417","810","1"
"705","812","1"
"705","711","1"
"814","693","1"
"823","765","1"
"823","827","1"
"823","830","1"
"823","832","1"
"823","836","1"
"823","838","1"
"823","835","1"
"582","587","1"
"478","841","1"
"478","842","1"
"2054","139","1"
"844","845","1"
"475","844","1"
"844","846","1"
"475","848","1"
"475","849","1"
"475","851","1"
"475","852","1"
"475","853","1"
"475","788","1"
"220","257","1"
"220","258","1"
"220","226","1"
"220","236","1"
"220","245","1"
"220","223","1"
"220","221","1"
"220","224","1"
"220","225","1"
"220","227","1"
"220","228","1"
"220","235","1"
"220","239","1"
"220","244","1"
"220","259","1"
"201","203","1"
"183","856","1"
"301","865","1"
"301","866","1"
"161","868","1"
"886","349","1"
"886","350","1"
"887","352","1"
"887","351","1"
"888","353","1"
"888","354","1"
"348","886","1"
"348","888","1"
"348","887","1"
"370","371","1"
"889","373","1"
"889","372","1"
"370","889","1"
"370","374","1"
"370","375","1"
"711","895","1"
"711","896","1"
"711","899","1"
"711","902","1"
"711","898","1"
"711","900","1"
"901","47","1"
"901","50","1"
"901","891","1"
"901","894","1"
"901","897","1"
"790","911","1"
"790","912","1"
"790","913","1"
"790","914","1"
"790","915","1"
"790","916","1"
"790","917","1"
"790","918","1"
"790","919","1"
"189","1091","1"
"189","1093","1"
"2245","1279","1"
"921","909","1"
"921","910","1"
"922","920","1"
"922","921","1"
"263","790","1"
"140","933","1"
"140","934","1"
"140","935","1"
"140","936","1"
"964","965","1"
"964","966","1"
"964","967","1"
"964","968","1"
"983","984","1"
"983","986","1"
"983","988","1"
"937","938","1"
"937","989","1"
"937","990","1"
"937","991","1"
"990","992","1"
"990","993","1"
"490","2249","1"
"321","1096","1"
"994","995","1"
"996","669","1"
"996","366","1"
"996","997","1"
"996","998","1"
"996","999","1"
"862","1000","1"
"862","1001","1"
"862","1002","1"
"862","1003","1"
"862","1004","1"
"862","1005","1"
"862","1006","1"
"862","1007","1"
"862","1008","1"
"862","1009","1"
"862","1010","1"
"862","1011","1"
"862","1012","1"
"862","1013","1"
"862","1014","1"
"862","1015","1"
"862","1016","1"
"862","1017","1"
"2305","2302","1"
"656","1099","1"
"656","1100","1"
"656","1102","1"
"656","1104","1"
"656","1106","1"
"702","1044","1"
"656","1108","1"
"1354","1352","1"
"1054","646","1"
"1054","729","1"
"1054","728","1"
"1062","1063","1"
"1062","1064","1"
"1354","1353","1"
"1045","1043","1"
"1109","609","1"
"1354","627","1"
"1111","1116","1"
"1066","1043","1"
"1066","1070","1"
"1111","1115","1"
"1073","1074","1"
"1073","1075","1"
"1076","703","1"
"1076","1066","1"
"1076","1073","1"
"1076","1071","1"
"1076","1072","1"
"1111","1118","1"
"1066","1079","1"
"1111","1120","1"
"1124","12","1"
"1124","818","1"
"1354","459","1"
"1126","1067","1"
"1354","1350","1"
"1356","1358","1"
"1066","1067","1"
"2054","310","1"
"814","1041","1"
"702","1041","1"
"1379","1380","1"
"1076","1083","1"
"1083","1045","1"
"1083","702","1"
"1381","1382","1"
"1132","1133","1"
"1132","1134","1"
"1141","1142","1"
"1144","717","1"
"1144","105","1"
"1382","1384","1"
"652","1156","1"
"645","1387","1"
"597","1160","1"
"597","1159","1"
"289","1161","1"
"1396","1394","1"
"587","3670","1"
"1171","557","1"
"1172","1174","1"
"630","1182","1"
"18","1186","1"
"18","1188","1"
"1192","1193","1"
"1191","1192","1"
"1191","1196","1"
"1396","1395","1"
"284","1202","1"
"284","1199","1"
"284","1200","1"
"184","1203","1"
"414","1208","1"
"414","1210","1"
"414","1212","1"
"1218","1163","1"
"1218","522","1"
"582","3670","2"
"1258","1256","1"
"1258","1257","1"
"3715","3715","0"
"1269","1268","1"
"1269","1125","1"
"1057","1277","1"
"1280","1281","1"
"1296","948","1"
"1302","1303","1"
"1241","1311","1"
"594","1315","1"
"3712","3715","1"
"3726","3726","0"
"3343","3343","0"
"1218","1402","1"
"1411","1409","1"
"1411","671","1"
"1416","1415","1"
"1425","1426","1"
"1425","1428","1"
"1431","1425","1"
"1431","1430","1"
"1458","1459","1"
"1458","1461","1"
"1470","1469","1"
"1470","567","1"
"1471","314","1"
"1471","488","1"
"1471","1473","1"
"1471","288","1"
"1471","1474","1"
"1474","735","1"
"1474","1475","1"
"1474","1476","1"
"1471","1478","1"
"1484","1483","1"
"1484","1225","1"
"1484","1485","1"
"1484","1486","1"
"1356","1487","1"
"1471","1489","1"
"1484","1490","1"
"1504","1499","1"
"1504","1501","1"
"1506","1503","1"
"1506","1502","1"
"253","1511","1"
"1471","1511","1"
"1510","1501","1"
"1510","1361","1"
"1510","1238","1"
"1501","1517","1"
"1518","1504","1"
"1518","1507","1"
"1518","1508","1"
"1518","1510","1"
"1518","1516","1"
"253","1515","1"
"253","1512","1"
"1507","1499","1"
"1507","1501","1"
"1507","1506","1"
"1507","1361","1"
"253","1514","1"
"1506","1505","1"
"1521","1517","1"
"1520","1521","1"
"1520","1503","1"
"1379","1528","1"
"1530","1532","1"
"1530","1531","1"
"823","1535","1"
"823","1536","1"
"2058","2056","1"
"823","1537","1"
"1368","1346","1"
"639","644","1"
"412","644","1"
"1540","1542","1"
"1540","1543","1"
"1544","1541","1"
"1544","1539","1"
"490","2247","1"
"1540","1544","1"
"1518","1522","1"
"1503","1255","1"
"1499","1255","1"
"1502","1255","1"
"1501","1255","1"
"1521","1255","1"
"1522","1499","1"
"1501","1555","1"
"1508","1501","1"
"1508","1361","1"
"1516","1501","1"
"1516","1361","1"
"1574","1322","1"
"1574","1573","1"
"1574","1575","1"
"486","1584","1"
"1492","1493","1"
"1492","543","1"
"1492","1494","1"
"1492","1495","1"
"1492","409","1"
"1492","636","1"
"1492","547","1"
"475","1624","1"
"294","1158","1"
"278","1158","1"
"1626","978","1"
"1626","1475","1"
"492","1638","1"
"492","1639","1"
"1641","1372","1"
"1458","1464","1"
"1458","1643","1"
"1458","1644","1"
"1458","1645","1"
"1650","816","1"
"1650","1172","1"
"1650","1191","1"
"1650","1413","1"
"1650","1448","1"
"1650","1642","1"
"1650","1648","1"
"1650","1649","1"
"1650","1651","1"
"1650","1652","1"
"1650","1655","1"
"1650","1654","1"
"1650","1653","1"
"594","1669","1"
"1670","1671","1"
"1670","1672","1"
"1670","1673","1"
"1670","1674","1"
"1398","1399","2"
"3728","3343","1"
"26","3343","2"
"1670","1675","1"
"1281","1676","1"
"1683","1616","1"
"1683","1685","1"
"1685","1682","1"
"1690","1691","1"
"1692","1227","1"
"1729","1301","1"
"1729","1484","1"
"1745","1744","1"
"565","1745","1"
"565","1746","1"
"565","1747","1"
"565","1748","1"
"565","1750","1"
"476","1796","1"
"476","1798","1"
"476","1800","1"
"476","1780","1"
"476","1806","1"
"476","1807","1"
"476","1810","1"
"1813","543","1"
"849","1819","1"
"996","1820","1"
"413","1831","1"
"1832","41","1"
"1838","1835","1"
"2058","2057","1"
"1854","1853","1"
"1854","1028","1"
"3660","3660","0"
"1084","1856","1"
"476","1700","1"
"476","1753","1"
"476","1754","1"
"476","1696","1"
"476","1713","1"
"476","1714","1"
"476","1709","1"
"476","1717","1"
"476","1737","1"
"476","1769","1"
"476","1703","1"
"476","1805","1"
"476","1719","1"
"476","1704","1"
"476","1724","1"
"476","1711","1"
"476","1705","1"
"476","1803","1"
"476","1701","1"
"476","1771","1"
"476","1702","1"
"476","1779","1"
"476","1770","1"
"476","1773","1"
"476","1788","1"
"476","1767","1"
"476","1698","1"
"476","1697","1"
"476","1766","1"
"476","1706","1"
"476","1712","1"
"476","1756","1"
"476","1708","1"
"476","1757","1"
"476","1758","1"
"476","1716","1"
"476","1768","1"
"476","1759","1"
"476","1718","1"
"476","1760","1"
"476","1761","1"
"476","1720","1"
"476","1721","1"
"476","1722","1"
"476","1723","1"
"476","1725","1"
"476","1763","1"
"476","1726","1"
"476","1710","1"
"476","1738","1"
"476","1739","1"
"476","1740","1"
"476","1741","1"
"476","1764","1"
"476","1804","1"
"476","1742","1"
"476","1762","1"
"476","1775","1"
"476","1777","1"
"476","1778","1"
"476","1789","1"
"476","1727","1"
"476","1790","1"
"476","1799","1"
"476","1765","1"
"476","1809","1"
"476","1736","1"
"476","1858","1"
"476","1859","1"
"476","1860","1"
"476","1861","1"
"476","1863","1"
"476","1864","1"
"476","1865","1"
"476","1866","1"
"476","1867","1"
"476","1868","1"
"476","1869","1"
"476","1870","1"
"476","1871","1"
"476","1872","1"
"476","1874","1"
"842","1877","1"
"565","1878","1"
"565","1879","1"
"3672","3672","0"
"2060","664","1"
"1902","1901","1"
"220","240","1"
"220","243","1"
"71","2068","1"
"71","2069","1"
"71","2072","1"
"71","2074","1"
"3672","1157","1"
"2059","2060","1"
"2059","2061","1"
"588","588","0"
"3706","3706","0"
"1902","1908","1"
"2059","2062","1"
"1915","1912","1"
"1915","1914","1"
"1914","1891","1"
"842","1681","1"
"721","1923","1"
"682","1291","1"
"1292","1924","1"
"1292","1288","1"
"1292","1287","1"
"1292","1290","1"
"1292","1291","1"
"1292","1923","1"
"1292","1289","1"
"1292","1921","1"
"1928","1927","1"
"3727","3727","0"
"183","276","1"
"864","1935","1"
"864","1936","1"
"864","1937","1"
"864","1938","1"
"864","1939","1"
"1398","2036","2"
"1945","1881","1"
"1945","1946","1"
"1945","1947","1"
"1945","1948","1"
"1958","722","1"
"1958","1536","1"
"403","1689","1"
"403","623","1"
"403","685","1"
"3661","3661","0"
"1301","1732","1"
"220","2067","1"
"1959","1885","1"
"220","242","1"
"220","241","1"
"71","2070","1"
"71","2071","1"
"71","2073","1"
"71","2077","1"
"71","2078","1"
"71","2076","1"
"71","2079","1"
"71","2080","1"
"71","2081","1"
"71","2082","1"
"71","2083","1"
"71","2084","1"
"71","2085","1"
"1961","1960","1"
"1961","1917","1"
"1961","1670","1"
"1963","1962","1"
"1964","1238","1"
"1582","1969","1"
"506","1248","1"
"506","1970","1"
"3565","3661","1"
"1932","1662","1"
"1932","455","1"
"1500","1131","1"
"71","2086","1"
"71","2075","1"
"1972","1973","1"
"1972","1974","1"
"1972","1975","1"
"2091","1604","1"
"2091","1606","1"
"848","1378","1"
"1975","1378","1"
"478","843","1"
"1975","843","1"
"1975","1976","1"
"2091","1605","1"
"1979","1980","1"
"1979","1981","1"
"615","1978","1"
"615","1979","1"
"615","1122","1"
"1410","1414","1"
"1410","1052","1"
"1410","745","1"
"1410","1855","1"
"554","1983","1"
"1410","1909","1"
"2102","1306","1"
"2102","1305","1"
"555","1909","1"
"752","2190","1"
"555","658","1"
"555","1983","1"
"358","1984","1"
"2102","1875","1"
"2102","2103","1"
"1690","1688","1"
"2104","1437","1"
"2104","2105","1"
"2104","2106","1"
"2104","2107","1"
"2104","2108","1"
"788","1986","1"
"788","1688","1"
"788","1988","1"
"788","1989","1"
"788","1987","1"
"788","1990","1"
"1838","1839","1"
"788","1839","1"
"788","1992","1"
"788","1993","1"
"646","1994","1"
"646","1996","1"
"2104","901","1"
"1999","931","1"
"1999","1998","1"
"2109","470","1"
"1613","1614","1"
"1613","1615","1"
"1140","2118","1"
"2005","1968","1"
"2005","2010","1"
"738","2020","1"
"538","2029","1"
"538","2028","1"
"536","2031","1"
"536","2032","1"
"408","2037","1"
"408","2038","1"
"657","2039","1"
"657","2040","1"
"863","1112","1"
"863","1278","1"
"863","2039","1"
"863","2040","1"
"863","2042","1"
"1899","1899","0"
"1615","2035","1"
"1171","2126","1"
"3690","3690","0"
"321","1095","1"
"555","1095","1"
"819","343","1"
"1234","2148","1"
"752","2153","1"
"752","2154","1"
"752","2155","1"
"752","2156","1"
"752","2157","1"
"752","2158","1"
"752","2159","1"
"752","2160","1"
"752","2161","1"
"752","2162","1"
"752","2163","1"
"752","2164","1"
"752","2165","1"
"752","2152","1"
"752","2166","1"
"752","2167","1"
"752","2168","1"
"752","2169","1"
"752","2170","1"
"752","2171","1"
"752","2172","1"
"752","2173","1"
"752","2174","1"
"752","2175","1"
"752","2176","1"
"752","2177","1"
"752","2178","1"
"752","2179","1"
"752","2180","1"
"752","2181","1"
"752","2182","1"
"752","2183","1"
"752","2184","1"
"752","2185","1"
"752","2186","1"
"752","2187","1"
"752","2188","1"
"752","2189","1"
"3716","3716","0"
"3712","3716","1"
"3403","3403","0"
"752","2191","1"
"752","2192","1"
"752","2193","1"
"752","2194","1"
"752","2195","1"
"752","2196","1"
"752","2197","1"
"752","2198","1"
"752","2199","1"
"752","2200","1"
"752","2202","1"
"752","2203","1"
"490","2248","1"
"752","2204","1"
"752","2205","1"
"752","2206","1"
"752","2207","1"
"752","2208","1"
"490","2251","1"
"752","2209","1"
"752","2210","1"
"752","2211","1"
"752","2212","1"
"752","2213","1"
"2251","2250","1"
"490","2252","1"
"752","2214","1"
"752","2215","1"
"752","2216","1"
"2262","2263","1"
"2262","2264","1"
"161","287","1"
"506","2262","1"
"182","287","1"
"752","2274","1"
"752","2275","1"
"752","2276","1"
"752","2277","1"
"752","2278","1"
"2280","2281","1"
"2282","2281","1"
"2283","2281","1"
"2290","2289","1"
"516","529","1"
"1416","2296","1"
"2296","1411","1"
"2296","1412","1"
"2296","2297","1"
"2317","2316","1"
"2317","2315","1"
"1687","723","1"
"282","1200","2"
"292","184","2"
"161","1202","2"
"848","1380","2"
"475","1711","2"
"1510","1255","2"
"348","354","2"
"475","1705","2"
"1054","1996","2"
"475","1863","2"
"294","186","2"
"139","196","2"
"294","309","2"
"475","1688","2"
"475","1757","2"
"475","1697","2"
"3673","3673","0"
"140","1092","2"
"848","1381","2"
"1516","1517","2"
"475","1788","2"
"139","210","2"
"3672","3673","1"
"139","265","2"
"1540","1541","2"
"140","149","2"
"294","274","2"
"140","162","2"
"16","1185","2"
"1961","1674","2"
"1076","1043","2"
"1683","1682","2"
"475","1807","2"
"2054","289","2"
"1729","1225","2"
"292","247","2"
"294","247","2"
"1729","1483","2"
"139","215","2"
"140","211","2"
"1972","843","2"
"1518","1506","2"
"177","314","2"
"140","241","2"
"177","278","2"
"3691","3691","0"
"292","274","2"
"348","352","2"
"475","1710","2"
"1381","1384","2"
"705","896","2"
"140","227","2"
"2054","263","2"
"475","1799","2"
"140","165","2"
"294","214","2"
"2104","897","2"
"140","159","2"
"3691","1063","1"
"177","290","2"
"2296","42","2"
"140","150","2"
"294","172","2"
"475","1819","2"
"1516","1555","2"
"292","307","2"
"292","1158","2"
"1076","1067","2"
"1191","1193","2"
"2054","286","2"
"140","163","2"
"1076","712","2"
"1520","1517","2"
"475","1805","2"
"475","1874","2"
"292","290","2"
"1076","1082","2"
"139","280","2"
"140","226","2"
"2054","140","2"
"475","1379","2"
"589","630","2"
"292","277","2"
"615","1980","2"
"139","216","2"
"937","992","2"
"475","1754","2"
"475","1810","2"
"475","1716","2"
"140","1090","2"
"475","845","2"
"177","182","2"
"139","1161","2"
"139","266","2"
"140","228","2"
"475","1758","2"
"1398","1197","3"
"1398","2059","3"
"3659","3659","0"
"292","287","2"
"140","166","2"
"178","1203","2"
"516","519","2"
"475","1721","2"
"294","255","2"
"478","1681","2"
"475","1860","2"
"177","161","2"
"140","244","2"
"412","1212","2"
"705","902","2"
"1518","1501","2"
"294","277","2"
"475","1866","2"
"475","1722","2"
"475","1779","2"
"475","1809","2"
"2104","894","2"
"16","1188","2"
"475","1706","2"
"1972","1378","2"
"348","353","2"
"475","1780","2"
"292","309","2"
"1431","1429","2"
"140","236","2"
"1972","1976","2"
"1522","1255","2"
"475","1989","2"
"589","620","2"
"705","900","2"
"475","1775","2"
"1076","1074","2"
"1507","1502","2"
"1961","1675","2"
"1431","1426","2"
"475","1724","2"
"139","168","2"
"412","1213","2"
"263","919","2"
"475","1719","2"
"294","254","2"
"475","1858","2"
"589","1669","2"
"537","2031","2"
"294","250","2"
"1076","814","2"
"475","1800","2"
"1076","1075","2"
"294","253","2"
"475","1859","2"
"1504","1517","2"
"475","1789","2"
"1650","1196","2"
"1191","1194","2"
"140","1093","2"
"140","213","2"
"475","1764","2"
"2296","1409","2"
"16","1187","2"
"1729","1732","2"
"475","1986","2"
"140","221","2"
"475","1767","2"
"263","913","2"
"475","1738","2"
"1076","705","2"
"475","1761","2"
"475","1993","2"
"348","349","2"
"475","1990","2"
"292","185","2"
"475","1714","2"
"178","1515","2"
"589","1315","2"
"475","1987","2"
"140","235","2"
"139","199","2"
"294","563","2"
"475","1870","2"
"139","285","2"
"1507","1255","2"
"937","993","2"
"475","1806","2"
"475","1696","2"
"140","245","2"
"1111","1119","2"
"703","1044","2"
"475","1709","2"
"475","1872","2"
"475","1737","2"
"475","1839","2"
"294","868","2"
"506","2264","2"
"703","711","2"
"1471","1475","2"
"1471","735","2"
"1508","1555","2"
"139","281","2"
"475","1723","2"
"1520","1255","2"
"140","208","2"
"139","201","2"
"140","167","2"
"16","21","2"
"475","847","2"
"140","206","2"
"2296","671","2"
"1650","1173","2"
"140","188","2"
"139","141","2"
"589","745","2"
"1506","1255","2"
"537","2032","2"
"506","2263","2"
"140","258","2"
"182","1515","2"
"537","2029","2"
"475","1867","2"
"703","813","2"
"292","305","2"
"139","279","2"
"1613","2035","2"
"475","1804","2"
"475","1798","2"
"292","306","2"
"292","301","2"
"1379","1382","2"
"2104","47","2"
"140","160","2"
"1431","1428","2"
"412","1831","2"
"178","1514","2"
"177","304","2"
"294","297","2"
"475","1773","2"
"140","207","2"
"594","1181","2"
"2104","50","2"
"140","225","2"
"263","918","2"
"140","203","2"
"2054","275","2"
"140","224","2"
"139","219","2"
"1507","1517","2"
"2059","664","2"
"282","1201","2"
"848","1528","2"
"475","1698","2"
"475","1865","2"
"140","257","2"
"177","179","2"
"475","1741","2"
"3662","3662","0"
"1915","1891","2"
"475","1725","2"
"139","217","2"
"278","865","2"
"3674","3674","0"
"475","1378","2"
"1431","1427","2"
"294","176","2"
"294","249","2"
"292","297","2"
"475","1760","2"
"3672","3674","1"
"263","914","2"
"475","1992","2"
"139","209","2"
"475","841","2"
"475","1720","2"
"139","1162","2"
"140","154","2"
"607","609","2"
"1171","558","2"
"475","1726","2"
"478","1877","2"
"140","204","2"
"178","1512","2"
"139","198","2"
"348","351","2"
"475","1756","2"
"922","909","2"
"1518","1238","2"
"292","253","2"
"475","1742","2"
"412","1209","2"
"594","1182","2"
"475","1727","2"
"320","346","2"
"1508","1255","2"
"140","181","2"
"3684","3684","0"
"1381","1383","2"
"140","155","2"
"1076","1045","2"
"475","1803","2"
"263","912","2"
"294","287","2"
"177","1158","2"
"139","262","2"
"161","1201","2"
"475","1703","2"
"177","178","2"
"16","20","2"
"292","186","2"
"1540","1539","2"
"2104","891","2"
"140","242","2"
"1507","1555","2"
"140","170","2"
"139","269","2"
"639","1150","2"
"358","1260","2"
"475","1778","2"
"1083","1041","2"
"139","220","2"
"140","180","2"
"1054","1994","2"
"1729","1485","2"
"1650","1192","2"
"2054","291","2"
"139","218","2"
"278","866","2"
"475","1702","2"
"1508","1517","2"
"182","1514","2"
"475","1988","2"
"66","3403","1"
"139","936","2"
"140","205","2"
"475","1753","2"
"139","934","2"
"412","1210","2"
"26","3403","2"
"475","1763","2"
"703","701","2"
"475","1700","2"
"320","1096","2"
"139","189","2"
"292","856","2"
"1504","1255","2"
"1083","1044","2"
"705","899","2"
"475","1869","2"
"139","790","2"
"475","1759","2"
"1518","1499","2"
"1471","1476","2"
"182","1511","2"
"475","1766","2"
"1191","1195","2"
"140","240","2"
"348","350","2"
"1961","1671","2"
"1416","2297","2"
"1518","1361","2"
"475","1771","2"
"1507","1503","2"
"703","693","2"
"140","152","2"
"139","264","2"
"475","1713","2"
"140","153","2"
"1729","1486","2"
"475","1701","2"
"475","1769","2"
"140","259","2"
"140","223","2"
"292","276","2"
"703","1041","2"
"294","184","2"
"475","1790","2"
"475","1768","2"
"140","147","2"
"565","1744","2"
"475","1871","2"
"705","895","2"
"161","1200","2"
"16","1189","2"
"1416","1411","2"
"263","911","2"
"263","915","2"
"537","2028","2"
"1510","1555","2"
"140","1094","2"
"140","1091","2"
"1504","1555","2"
"1510","1517","2"
"263","916","2"
"705","898","2"
"1507","1505","2"
"412","1208","2"
"475","1704","2"
"1398","2063","3"
"16","1186","2"
"140","164","2"
"320","1095","2"
"475","1777","2"
"1617","1617","0"
"140","202","2"
"615","1981","2"
"516","518","2"
"3672","1617","1"
"140","2067","2"
"475","1739","2"
"161","1199","2"
"139","933","2"
"475","1717","2"
"292","255","2"
"475","1864","2"
"178","1204","2"
"1083","1043","2"
"490","2250","2"
"475","1740","2"
"639","1149","2"
"179","1204","2"
"1171","560","2"
"475","1736","2"
"475","842","2"
"140","157","2"
"140","239","2"
"412","1211","2"
"1729","1490","2"
"320","345","2"
"1354","627","2"
"475","846","2"
"263","917","2"
"3685","3685","0"
"1381","1385","2"
"292","283","2"
"1961","1672","2"
"292","302","2"
"475","1770","2"
"370","372","2"
"178","1511","2"
"1416","1412","2"
"475","1718","2"
"1171","559","2"
"1961","1673","2"
"475","1796","2"
"294","173","2"
"140","187","2"
"1076","1070","2"
"282","1199","2"
"1650","1174","2"
"139","935","2"
"140","151","2"
"475","1762","2"
"3709","3709","0"
"139","270","2"
"475","1868","2"
"177","183","2"
"1076","702","2"
"703","812","2"
"282","1202","2"
"140","243","2"
"140","169","2"
"1076","1079","2"
"1280","1676","2"
"475","1712","2"
"1516","1255","2"
"1076","713","2"
"475","1708","2"
"607","608","2"
"179","1203","2"
"182","1512","2"
"140","156","2"
"922","910","2"
"370","373","2"
"475","843","2"
"475","1861","2"
"139","200","2"
"294","284","2"
"475","1765","2"
"139","917","3"
"3404","3404","0"
"2054","280","3"
"139","228","3"
"2054","269","3"
"139","152","3"
"703","896","3"
"1379","1385","3"
"66","3404","1"
"2054","215","3"
"177","247","3"
"292","866","3"
"177","290","3"
"139","227","3"
"139","147","3"
"139","211","3"
"294","1515","3"
"2054","266","3"
"139","163","3"
"26","3404","2"
"703","902","3"
"294","1512","3"
"139","912","3"
"177","185","3"
"177","1158","3"
"2054","200","3"
"292","1203","3"
"2054","220","3"
"177","274","3"
"177","254","3"
"139","1090","3"
"177","214","3"
"1518","1555","3"
"3638","3638","0"
"177","306","3"
"1076","1044","3"
"177","287","3"
"177","186","3"
"177","255","3"
"139","170","3"
"139","223","3"
"2054","198","3"
"139","242","3"
"294","1514","3"
"139","207","3"
"177","253","3"
"1518","1505","3"
"1076","693","3"
"177","301","3"
"177","307","3"
"139","159","3"
"703","898","3"
"139","241","3"
"139","240","3"
"139","213","3"
"1507","1255","3"
"177","277","3"
"139","204","3"
"2054","219","3"
"139","205","3"
"139","1092","3"
"177","184","3"
"1650","1194","3"
"1650","1195","3"
"1076","701","3"
"139","919","3"
"292","1511","3"
"139","167","3"
"1076","812","3"
"2054","934","3"
"2054","218","3"
"2054","936","3"
"139","916","3"
"1379","1384","3"
"139","188","3"
"2054","217","3"
"139","915","3"
"177","276","3"
"1398","2066","3"
"1398","2056","4"
"139","257","3"
"294","1200","3"
"139","202","3"
"139","169","3"
"1076","1043","3"
"139","914","3"
"294","1202","3"
"2054","262","3"
"139","1093","3"
"139","164","3"
"1076","711","3"
"139","2067","3"
"177","249","3"
"3675","3675","0"
"139","165","3"
"848","1382","3"
"139","187","3"
"139","153","3"
"2054","265","3"
"139","226","3"
"1518","1517","3"
"1379","1383","3"
"177","563","3"
"294","1203","3"
"3672","3675","1"
"139","203","3"
"703","900","3"
"294","1204","3"
"2054","141","3"
"139","1094","3"
"139","208","3"
"139","224","3"
"2054","281","3"
"177","868","3"
"139","157","3"
"703","899","3"
"2054","210","3"
"139","245","3"
"139","258","3"
"475","1877","3"
"2054","933","3"
"2054","935","3"
"139","244","3"
"139","156","3"
"292","1512","3"
"294","1201","3"
"139","151","3"
"292","1515","3"
"177","250","3"
"2129","2129","0"
"475","1528","3"
"177","297","3"
"177","305","3"
"177","173","3"
"139","149","3"
"703","895","3"
"2054","216","3"
"2054","279","3"
"1076","813","3"
"1518","1503","3"
"2124","2124","0"
"589","1181","3"
"139","225","3"
"177","284","3"
"1076","1041","3"
"139","913","3"
"139","206","3"
"139","236","3"
"2054","264","3"
"475","1681","3"
"2054","201","3"
"139","243","3"
"177","172","3"
"475","1380","3"
"139","918","3"
"2054","189","3"
"1033","1033","0"
"2054","199","3"
"1416","1409","3"
"139","1091","3"
"177","283","3"
"139","221","3"
"139","181","3"
"139","154","3"
"139","235","3"
"292","1514","3"
"1650","1193","3"
"292","865","3"
"2054","1161","3"
"177","176","3"
"2054","196","3"
"139","155","3"
"2054","168","3"
"294","1511","3"
"139","259","3"
"3379","3379","0"
"2054","270","3"
"2054","1162","3"
"139","239","3"
"294","1199","3"
"139","180","3"
"1518","1502","3"
"139","911","3"
"1416","42","3"
"292","1204","3"
"2054","209","3"
"177","856","3"
"177","309","3"
"139","162","3"
"1518","1255","3"
"139","160","3"
"475","1381","3"
"2054","790","3"
"589","1182","3"
"2054","285","3"
"139","166","3"
"177","302","3"
"139","150","3"
"1416","671","3"
"2054","205","4"
"2054","151","4"
"2054","226","4"
"2054","181","4"
"177","1515","4"
"848","1384","4"
"1076","896","4"
"2054","243","4"
"2054","1092","4"
"2054","150","4"
"2054","911","4"
"2054","153","4"
"2054","244","4"
"2054","240","4"
"2054","170","4"
"2054","162","4"
"2054","257","4"
"2054","242","4"
"2054","239","4"
"2054","156","4"
"475","1382","4"
"2054","166","4"
"1076","898","4"
"177","1514","4"
"2054","228","4"
"2054","203","4"
"1076","900","4"
"2054","221","4"
"177","865","4"
"2054","165","4"
"2054","224","4"
"848","1383","4"
"2054","913","4"
"2054","213","4"
"2054","2067","4"
"2054","180","4"
"1398","2060","4"
"1398","2057","4"
"1398","2061","4"
"1398","2062","4"
"1398","664","5"
"2054","235","4"
"2054","152","4"
"177","1200","4"
"2054","258","4"
"2054","236","4"
"2054","163","4"
"177","1204","4"
"3341","3336","1"
"3341","2091","1"
"3341","1329","1"
"3341","1634","1"
"3341","1305","1"
"3341","595","1"
"3341","3341","0"
"3341","1604","2"
"3341","1605","2"
"3341","1606","2"
"3341","3337","2"
"3336","3337","1"
"3341","1787","2"
"3336","1787","1"
"3341","3335","2"
"3676","3676","0"
"1166","1085","1"
"1166","1169","1"
"1166","1049","1"
"3341","1633","2"
"3336","1633","1"
"3341","3339","2"
"3336","3339","1"
"3672","3676","1"
"3341","1363","2"
"3336","1363","1"
"3341","3340","2"
"3336","3340","1"
"3341","3338","2"
"3336","3338","1"
"3336","3335","1"
"3336","3336","0"
"3335","3335","0"
"3337","3337","0"
"3338","3338","0"
"3339","3339","0"
"3340","3340","0"
"3342","3342","0"
"1398","3349","1"
"1398","3350","1"
"1398","1294","2"
"1398","2058","3"
"3349","3349","0"
"3349","1294","1"
"3349","1399","1"
"456","456","0"
"3349","2036","1"
"3349","3351","1"
"3349","3353","1"
"3349","3354","1"
"3349","1197","2"
"3349","2059","2"
"3349","2063","2"
"3349","2066","2"
"3349","2060","3"
"3349","2056","3"
"3349","2057","3"
"3349","2061","3"
"3349","2062","3"
"3349","664","4"
"3349","3355","1"
"3350","3350","0"
"1398","3351","2"
"3351","3351","0"
"3354","3354","0"
"1398","3354","2"
"1398","3355","2"
"1398","3353","2"
"3355","3355","0"
"3349","2058","2"
"3356","3356","0"
"752","3356","1"
"3357","3357","0"
"752","3357","1"
"3358","3358","0"
"752","3358","1"
"3359","3359","0"
"752","3359","1"
"3360","3360","0"
"752","3360","1"
"3361","3361","0"
"2059","3361","1"
"3349","3361","3"
"1398","3361","4"
"3362","3362","0"
"1398","3362","4"
"3349","3362","3"
"2059","3362","1"
"3363","3363","0"
"2059","3363","1"
"3349","3363","3"
"1398","3363","4"
"3364","3364","0"
"2059","3364","1"
"3349","3364","3"
"1398","3364","4"
"3353","3353","0"
"3350","3371","1"
"3350","3372","1"
"3371","3371","0"
"3372","3372","0"
"1398","3371","2"
"1398","3372","2"
"752","1801","1"
"3376","3374","1"
"3376","3376","0"
"3376","1534","1"
"3374","3374","0"
"3400","3400","0"
"498","3400","1"
"1232","3400","0"
"362","3400","1"
"3410","3410","0"
"3411","3411","0"
"3350","3411","2"
"1398","3411","3"
"3412","3412","0"
"3350","3412","2"
"1398","3412","3"
"3424","3424","0"
"3424","3423","1"
"3423","3423","0"
"3427","3427","0"
"3427","546","1"
"3427","677","1"
"3426","3426","0"
"3428","3426","1"
"3428","3428","0"
"3664","3664","0"
"344","344","0"
"320","344","1"
"3417","3417","0"
"3672","344","1"
"3413","3413","0"
"344","345","1"
"3414","3414","0"
"3672","345","2"
"3439","3439","0"
"344","346","1"
"3445","3445","0"
"3445","3436","1"
"3445","2047","1"
"3445","3437","1"
"3445","3444","1"
"3444","3444","0"
"3437","3437","0"
"3436","3436","0"
"3672","346","2"
"3435","3435","0"
"3452","3452","0"
"3450","3450","0"
"3456","3456","0"
"3456","3455","1"
"3456","3454","1"
"3455","3455","0"
"3454","3454","0"
"3457","3457","0"
"3458","3458","0"
"3459","3459","0"
"3463","3463","0"
"3462","3462","0"
"3349","3462","2"
"1398","3462","3"
"3427","3426","2"
"3427","3428","1"
"3464","3464","0"
"1411","3464","1"
"2296","3464","2"
"1416","3464","3"
"3465","3465","0"
"1411","3465","1"
"2296","3465","2"
"1416","3465","3"
"3467","3467","0"
"3469","3469","0"
"3468","3468","0"
"1415","3468","1"
"1416","3468","2"
"3466","3466","0"
"1415","3466","1"
"1416","3466","2"
"3470","3470","0"
"1415","3470","1"
"1416","3470","2"
"3471","3471","0"
"1415","3471","1"
"1416","3471","2"
"3472","3472","0"
"1415","3472","1"
"1416","3472","2"
"3473","3473","0"
"1415","3473","1"
"1416","3473","2"
"1415","65","1"
"1416","65","2"
"1415","533","1"
"1416","533","2"
"1415","64","1"
"1416","64","2"
"3474","3474","0"
"2296","3467","1"
"1416","3467","2"
"3481","3481","0"
"3482","3482","0"
"3483","3483","0"
"3443","3443","0"
"3451","3451","0"
"3415","3415","0"
"3446","3446","0"
"3477","3477","0"
"3418","3418","0"
"3453","3453","0"
"3390","3390","0"
"3344","3344","0"
"3438","3438","0"
"3431","3431","0"
"3475","3475","0"
"3393","3393","0"
"3449","3449","0"
"3425","3425","0"
"3476","3476","0"
"3460","3460","0"
"3480","3480","0"
"3416","3416","0"
"3441","3441","0"
"3375","3375","0"
"3422","3422","0"
"3447","3447","0"
"3448","3448","0"
"3711","3711","0"
"66","3379","1"
"3366","3366","0"
"26","3379","2"
"3350","3366","2"
"1398","3366","3"
"3368","3368","0"
"3350","3368","2"
"1398","3368","3"
"3369","3369","0"
"3350","3369","2"
"1398","3369","3"
"1397","1397","0"
"3429","3429","0"
"3665","3665","0"
"3686","3686","0"
"3702","3702","0"
"3719","3719","0"
"1166","499","2"
"3405","3405","0"
"66","3405","1"
"26","3405","2"
"500","500","0"
"1166","500","2"
"3332","3332","0"
"1166","3332","1"
"3332","500","1"
"3332","499","1"
"3332","1559","1"
"1166","1559","2"
"1400","1400","0"
"3349","1400","1"
"1398","1400","2"
"1400","2058","1"
"1400","2056","2"
"1400","2057","2"
"1400","2059","1"
"1400","2060","2"
"1400","664","3"
"1400","2061","2"
"1400","2062","2"
"1400","3361","2"
"1400","3362","2"
"1400","3363","2"
"1400","3364","2"
"1400","2063","1"
"1400","2066","1"
"1400","3462","1"
"26","26","0"
"26","81","1"
"26","94","1"
"26","136","1"
"26","66","1"
"26","75","1"
"26","89","1"
"26","76","1"
"26","96","1"
"26","90","1"
"26","65","1"
"26","84","1"
"26","135","1"
"26","73","1"
"26","82","1"
"26","83","1"
"26","137","1"
"26","86","1"
"26","71","1"
"26","2068","2"
"26","2069","2"
"26","2072","2"
"26","2074","2"
"26","2070","2"
"26","2071","2"
"26","2073","2"
"26","2077","2"
"26","2078","2"
"26","2076","2"
"26","2079","2"
"26","2080","2"
"26","2081","2"
"26","2082","2"
"26","2083","2"
"26","2084","2"
"26","2085","2"
"26","2086","2"
"26","2075","2"
"26","58","1"
"26","63","1"
"26","28","1"
"26","85","1"
"26","1218","1"
"26","1403","2"
"26","1163","2"
"26","522","2"
"26","1402","2"
"26","91","1"
"26","87","1"
"26","88","1"
"26","64","1"
"26","74","1"
"26","1261","1"
"26","2125","1"
"26","2139","1"
"26","2285","1"
"26","3342","1"
"3484","3484","0"
"3666","3666","0"
"3485","3485","0"
"1625","1625","0"
"3695","3695","0"
"1625","1900","1"
"3695","2331","1"
"1625","3485","1"
"3712","3712","0"
"3486","3486","0"
"1625","3486","1"
"3712","3711","1"
"3406","3406","0"
"3487","3487","0"
"1625","3487","1"
"66","3406","1"
"26","3406","2"
"3488","3488","0"
"1625","3488","1"
"3490","3490","0"
"1625","3490","2"
"3491","3491","0"
"1625","3491","2"
"3494","3494","0"
"1625","3494","1"
"3496","3496","0"
"3489","3489","0"
"1625","3489","1"
"3489","3490","1"
"3489","3491","1"
"3492","3492","0"
"3488","3492","1"
"1625","3492","2"
"3493","3493","0"
"3488","3493","1"
"1625","3493","2"
"1178","1178","0"
"3500","3500","0"
"3499","3499","0"
"3499","3500","1"
"3501","3501","0"
"3499","3501","1"
"3502","3502","0"
"3503","3503","0"
"3502","3503","1"
"3504","3504","0"
"3502","3504","1"
"3505","3505","0"
"3365","3365","0"
"2059","3365","1"
"1400","3365","2"
"3349","3365","3"
"1398","3365","4"
"3506","3506","0"
"3507","3507","0"
"3508","3508","0"
"1625","3508","1"
"3509","3509","0"
"1625","3509","1"
"3510","3510","0"
"1625","3510","1"
"3419","3419","0"
"3512","3512","0"
"3515","3515","0"
"3516","3516","0"
"3518","3518","0"
"3517","3517","0"
"3517","3518","1"
"3517","3516","1"
"1802","1802","0"
"3519","3519","0"
"3517","3519","1"
"3520","3520","0"
"3517","3520","1"
"3687","3687","0"
"3703","3703","0"
"3721","3721","0"
"3521","3521","0"
"145","145","0"
"3421","3421","0"
"3421","3482","1"
"3421","3483","1"
"3421","3422","1"
"3421","496","1"
"3421","480","1"
"3421","651","1"
"3421","3521","1"
"3421","3446","1"
"66","145","1"
"3522","3522","0"
"3421","3522","1"
"26","145","2"
"1253","1253","0"
"3523","3523","0"
"1625","3523","1"
"3525","3525","0"
"1625","3525","1"
"3514","3514","0"
"492","3514","1"
"487","487","0"
"3513","3513","0"
"3529","3529","0"
"3350","3529","2"
"1398","3529","3"
"3529","3513","1"
"3350","3513","3"
"1398","3513","4"
"3529","487","1"
"3350","487","3"
"1398","487","4"
"3529","3410","1"
"3350","3410","3"
"1398","3410","4"
"3370","3370","0"
"3350","3370","1"
"1398","3370","2"
"3370","3411","1"
"3370","3412","1"
"3370","3366","1"
"3370","3368","1"
"3370","3369","1"
"3370","3529","1"
"3370","3513","2"
"3370","487","2"
"3370","3410","2"
"484","484","0"
"484","485","1"
"484","486","1"
"484","1584","2"
"484","487","1"
"3530","3530","0"
"3531","3531","0"
"3532","3532","0"
"3533","3533","0"
"568","568","0"
"3535","3535","0"
"3538","3538","0"
"3536","3536","0"
"3537","3537","0"
"3539","3539","0"
"3540","3540","0"
"3541","3541","0"
"3542","3542","0"
"3543","3543","0"
"3667","3667","0"
"3667","3666","1"
"3667","3665","1"
"655","655","0"
"652","655","1"
"3696","3696","0"
"3696","3695","1"
"3696","2331","2"
"3713","3713","0"
"3712","3713","1"
"3722","3722","0"
"3346","3346","0"
"66","3346","1"
"26","3346","2"
"3544","3544","0"
"3545","3545","0"
"3546","3546","0"
"3547","3547","0"
"3548","3548","0"
"2133","2133","0"
"2133","2131","1"
"2133","2132","1"
"2133","2134","1"
"2133","2135","1"
"2133","2136","1"
"2133","2137","1"
"2133","3452","1"
"2133","3544","1"
"2133","3545","1"
"2133","3546","1"
"2133","3547","1"
"2133","3548","1"
"3549","3549","0"
"3550","3550","0"
"3551","3551","0"
"3552","3552","0"
"3553","3553","0"
"1630","1630","0"
"1630","3540","1"
"1630","3539","1"
"1630","3541","1"
"1630","3542","1"
"1630","3543","1"
"1630","3447","1"
"1630","1021","1"
"1630","3415","1"
"1630","3450","1"
"1630","3417","1"
"1630","3448","1"
"1630","3449","1"
"1630","1668","1"
"1630","2133","1"
"1630","2131","2"
"1630","2132","2"
"1630","2134","2"
"1630","2135","2"
"1630","2136","2"
"1630","2137","2"
"1630","3452","2"
"1630","3544","2"
"1630","3545","2"
"1630","3546","2"
"1630","3547","2"
"1630","3548","2"
"1630","3549","1"
"1630","3550","1"
"1630","3551","1"
"1630","3552","1"
"1630","3553","1"
"3668","3668","0"
"3679","3679","0"
"3555","3555","0"
"321","3555","1"
"320","3555","2"
"632","632","0"
"3556","3556","0"
"632","550","1"
"3558","3558","0"
"3559","3559","0"
"3559","3558","1"
"3559","3496","1"
"3560","3560","0"
"3561","3561","0"
"632","631","1"
"3563","3563","0"
"3705","3705","0"
"3564","3564","0"
"3420","3420","0"
"3723","3723","0"
"3562","3562","0"
"3562","657","1"
"3562","2039","2"
"3562","2040","2"
"3562","656","1"
"3562","1098","2"
"3562","1097","2"
"3562","1101","2"
"3562","1103","2"
"3562","1105","2"
"3562","1107","2"
"3562","1099","2"
"3562","1100","2"
"3562","1102","2"
"3562","1104","2"
"3562","1106","2"
"3562","1108","2"
"3367","3367","0"
"2058","3367","1"
"1400","3367","2"
"3349","3367","3"
"1398","3367","4"
"1887","1887","0"
"3568","3568","0"
"3569","3569","0"
"3570","3570","0"
"3571","3571","0"
"2265","2265","0"
"3567","3567","0"
"3567","1887","1"
"3567","3568","1"
"3567","3569","1"
"3567","2265","1"
"3567","1825","1"
"3572","3572","0"
"3573","3573","0"
"3565","3565","0"
"3565","358","1"
"3565","357","2"
"3565","388","2"
"3565","389","2"
"3565","1260","3"
"3565","390","2"
"3565","391","2"
"3565","392","2"
"3565","394","2"
"3565","1984","2"
"3565","580","1"
"3565","578","1"
"3565","3567","1"
"3565","1887","2"
"3565","3568","2"
"3565","3569","2"
"3565","2265","2"
"3565","1825","2"
"3565","3571","1"
"3565","3572","1"
"3565","3573","1"
"3565","1425","1"
"3565","1427","2"
"3565","1429","2"
"3565","1426","2"
"3565","1428","2"
"3575","3575","0"
"1897","1897","0"
"3575","1897","1"
"3576","3576","0"
"3575","3576","1"
"3577","3577","0"
"3578","3578","0"
"3534","3534","0"
"3579","3579","0"
"292","3579","1"
"177","3579","2"
"3669","3669","0"
"3581","3581","0"
"3349","3581","1"
"1398","3581","2"
"3582","3582","0"
"2058","3582","1"
"1400","3582","2"
"3349","3582","3"
"1398","3582","4"
"1077","1077","0"
"1073","1077","1"
"1076","1077","2"
"3714","3714","0"
"3712","3714","1"
"3498","3498","0"
"1421","1421","0"
"3565","1421","1"
"831","831","0"
"823","831","1"
"3597","3597","0"
"3598","3598","0"
"3600","3600","0"
"3601","3601","0"
"403","3601","1"
"3596","3596","0"
"3602","3602","0"
"3603","3603","0"
"3602","3603","1"
"3604","3604","0"
"3602","3604","1"
"3605","3605","0"
"3602","3605","1"
"3606","3606","0"
"26","3606","1"
"3607","3607","0"
"3608","3608","0"
"3610","3610","0"
"3611","3611","0"
"3595","3595","0"
"3595","3611","1"
"3595","2134","1"
"3595","3610","1"
"3612","3612","0"
"778","778","0"
"3612","483","1"
"778","3660","1"
"3612","3608","1"
"778","3661","1"
"3612","601","1"
"778","3664","1"
"3612","781","1"
"778","3669","1"
"3612","598","1"
"778","3668","1"
"3614","3614","0"
"3618","3618","0"
"2099","3618","1"
"3619","3619","0"
"2099","3619","1"
"3620","3620","0"
"3621","3621","0"
"3622","3622","0"
"3621","3622","1"
"3623","3623","0"
"3621","3623","1"
"3624","3624","0"
"3621","3624","1"
"3625","3625","0"
"3621","3625","1"
"3626","3626","0"
"3626","1112","1"
"3626","1252","1"
"3626","1113","1"
"3627","3627","0"
"542","542","0"
"542","360","1"
"542","546","1"
"542","1267","1"
"542","1585","1"
"542","1586","1"
"542","1898","1"
"542","1902","1"
"542","1901","2"
"542","1908","2"
"542","1175","1"
"542","1932","1"
"542","1662","2"
"542","455","2"
"542","3612","1"
"542","483","2"
"542","3608","2"
"542","601","2"
"542","781","2"
"542","598","2"
"3524","3524","0"
"1625","3524","1"
"3628","3628","0"
"3630","3630","0"
"3631","3631","0"
"3632","3632","0"
"3633","3633","0"
"3725","3725","0"
"3728","3728","0"
"3635","3635","0"
"3635","1401","1"
"3635","1496","1"
"26","3728","1"
"3728","3344","1"
"26","3344","2"
"1664","1664","0"
"1932","1664","1"
"542","1664","2"
"3636","3636","0"
"3728","3390","1"
"3637","3637","0"
"1902","3637","1"
"542","3637","2"
"26","3390","2"
"3639","3639","0"
"1902","3639","1"
"542","3639","2"
"3728","3393","1"
"3640","3640","0"
"483","3640","1"
"3612","3640","2"
"542","3640","3"
"3641","3641","0"
"26","3393","2"
"3642","3642","0"
"3642","1344","1"
"3643","3643","0"
"3643","3641","1"
"3643","1344","1"
"3645","3645","0"
"1902","3645","1"
"542","3645","2"
"3647","3647","0"
"3648","3648","0"
"3649","3649","0"
"491","491","0"
"3478","3478","0"
"3478","8","1"
